-- phpMyAdmin SQL Dump
-- version 5.2.0
-- https://www.phpmyadmin.net/
--
-- Host: 127.0.0.1
-- Generation Time: Sep 25, 2023 at 02:00 PM
-- Server version: 10.4.27-MariaDB
-- PHP Version: 8.0.25

SET SQL_MODE = "NO_AUTO_VALUE_ON_ZERO";
START TRANSACTION;
SET time_zone = "+00:00";


/*!40101 SET @OLD_CHARACTER_SET_CLIENT=@@CHARACTER_SET_CLIENT */;
/*!40101 SET @OLD_CHARACTER_SET_RESULTS=@@CHARACTER_SET_RESULTS */;
/*!40101 SET @OLD_COLLATION_CONNECTION=@@COLLATION_CONNECTION */;
/*!40101 SET NAMES utf8mb4 */;

--
-- Database: `project_activitiescheck2`
--

-- --------------------------------------------------------

--
-- Table structure for table `tbl_checkin`
--

CREATE TABLE `tbl_checkin` (
  `no` int(11) NOT NULL,
  `ref_teacher_id` int(11) NOT NULL COMMENT 'ไอดีผู้สอน',
  `ref_s_id` int(11) NOT NULL COMMENT 'ไอดีห้อง',
  `ref_std_id` varchar(11) NOT NULL COMMENT 'ไอดี นศ.',
  `check_in_status` int(1) NOT NULL COMMENT '1 มา 0 ขาด 2 ลากิจ 3 ลาป่วย',
  `check_in_date` date NOT NULL,
  `date_save` timestamp NOT NULL DEFAULT current_timestamp()
) ENGINE=InnoDB DEFAULT CHARSET=utf8 COLLATE=utf8_general_ci;

--
-- Dumping data for table `tbl_checkin`
--

INSERT INTO `tbl_checkin` (`no`, `ref_teacher_id`, `ref_s_id`, `ref_std_id`, `check_in_status`, `check_in_date`, `date_save`) VALUES
(1, 1, 31, '101', 1, '2023-09-03', '2023-09-03 14:17:22'),
(2, 1, 31, '102', 1, '2023-09-03', '2023-09-03 14:17:22'),
(3, 1, 31, '103', 1, '2023-09-03', '2023-09-03 14:17:22'),
(4, 1, 31, '104', 2, '2023-09-03', '2023-09-03 14:17:22'),
(5, 1, 31, '105', 1, '2023-09-03', '2023-09-03 14:17:22'),
(6, 1, 31, '101', 1, '2023-09-05', '2023-09-05 04:05:17'),
(7, 1, 31, '102', 1, '2023-09-05', '2023-09-05 04:05:17'),
(8, 1, 31, '103', 1, '2023-09-05', '2023-09-05 04:05:17'),
(9, 1, 31, '104', 0, '2023-09-05', '2023-09-05 04:05:17'),
(10, 1, 31, '105', 2, '2023-09-05', '2023-09-05 04:05:17'),
(11, 1, 31, '101', 1, '2023-09-07', '2023-09-07 12:24:48'),
(12, 1, 31, '102', 1, '2023-09-07', '2023-09-07 12:24:48'),
(13, 1, 31, '103', 1, '2023-09-07', '2023-09-07 12:24:48'),
(14, 1, 31, '104', 0, '2023-09-07', '2023-09-07 12:24:48'),
(15, 1, 31, '105', 3, '2023-09-07', '2023-09-07 12:24:48'),
(16, 999, 30, '64202040024', 1, '2023-09-25', '2023-09-25 09:11:22'),
(17, 999, 30, '64202040025', 1, '2023-09-25', '2023-09-25 09:11:22'),
(18, 999, 30, '64202040026', 1, '2023-09-25', '2023-09-25 09:11:22'),
(19, 999, 30, '64202040027', 1, '2023-09-25', '2023-09-25 09:11:22'),
(20, 999, 30, '64202040029', 1, '2023-09-25', '2023-09-25 09:11:22'),
(21, 999, 30, '64202040030', 1, '2023-09-25', '2023-09-25 09:11:22'),
(22, 999, 30, '64202040031', 1, '2023-09-25', '2023-09-25 09:11:22'),
(23, 999, 30, '64202040033', 0, '2023-09-25', '2023-09-25 09:11:22'),
(24, 999, 30, '64202040034', 0, '2023-09-25', '2023-09-25 09:11:22'),
(25, 999, 30, '64202040035', 1, '2023-09-25', '2023-09-25 09:11:22'),
(26, 999, 30, '64202040036', 1, '2023-09-25', '2023-09-25 09:11:22'),
(27, 999, 30, '64202040037', 1, '2023-09-25', '2023-09-25 09:11:22'),
(28, 999, 30, '64202040038', 1, '2023-09-25', '2023-09-25 09:11:22'),
(29, 999, 30, '64202040039', 1, '2023-09-25', '2023-09-25 09:11:22'),
(30, 999, 30, '64202040043', 2, '2023-09-25', '2023-09-25 09:11:22');

-- --------------------------------------------------------

--
-- Table structure for table `tbl_class`
--

CREATE TABLE `tbl_class` (
  `s_id` int(11) NOT NULL,
  `s_name` varchar(100) NOT NULL,
  `ref_teacher_id` int(11) DEFAULT NULL COMMENT 'ไอดี อ.ที่ปรึกษา'
) ENGINE=InnoDB DEFAULT CHARSET=utf8 COLLATE=utf8_general_ci;

--
-- Dumping data for table `tbl_class`
--

INSERT INTO `tbl_class` (`s_id`, `s_name`, `ref_teacher_id`) VALUES
(1, 'สท.1/1', 999),
(2, 'สท.1/2', 999),
(3, 'สท.1/3', 999),
(4, 'สท.1/4', 999),
(5, 'สท.2/1', 999),
(6, 'สท.2/2', 999),
(7, 'สท.3/1', 999),
(8, 'สท.3/2', 999),
(9, 'สท.4/1', 999),
(10, 'สท.4/2', 999),
(11, 'สท.5/1', 1),
(12, 'สท.5/2', 1),
(13, 'ทค.1/1', 999),
(14, 'ทค.1/2', 999),
(15, 'ทค.1/3', 999),
(16, 'ทค.1/4', 999),
(17, 'ทค.2/1', 999),
(18, 'ทค.2/2', 999),
(19, 'ทค.3/1', 999),
(20, 'ทค.3/2', 999),
(21, 'ทค.4/1', 999),
(22, 'ทค.4/2', 999),
(23, 'ทค.5/1', 999),
(24, 'ทค.5/2', 999),
(25, 'คธ.2/1', 999),
(26, 'คธ.2/2', 999),
(27, 'คธ.2/3', 999),
(28, 'คธ.2/4', 999),
(29, 'คธ.3/1', 999),
(30, 'คธ.3/2', 999),
(31, 'Test001', 999);

-- --------------------------------------------------------

--
-- Table structure for table `tbl_enroll`
--

CREATE TABLE `tbl_enroll` (
  `no` int(11) NOT NULL,
  `ref_s_id` int(11) NOT NULL COMMENT 'รหัสห้อง',
  `ref_std_id` varchar(11) NOT NULL COMMENT 'รหัส นศ'
) ENGINE=InnoDB DEFAULT CHARSET=utf8 COLLATE=utf8_general_ci COMMENT='ตารางลงทะเบียนห้องเรียน';

--
-- Dumping data for table `tbl_enroll`
--

INSERT INTO `tbl_enroll` (`no`, `ref_s_id`, `ref_std_id`) VALUES
(1, 1, '66209010001'),
(2, 1, '66209010002'),
(3, 1, '66209010003'),
(4, 1, '66209010004'),
(5, 1, '66209010005'),
(6, 1, '66209010006'),
(7, 1, '66209010007'),
(8, 1, '66209010008'),
(9, 1, '66209010009'),
(10, 1, '66209010010'),
(11, 1, '66209010011'),
(12, 1, '66209010012'),
(13, 1, '66209010013'),
(14, 1, '66209010014'),
(15, 1, '66209010015'),
(16, 1, '66209010016'),
(17, 1, '66209010017'),
(18, 1, '66209010018'),
(19, 1, '66209010019'),
(20, 1, '66209010020'),
(21, 1, '66209010021'),
(22, 2, '66209010022'),
(23, 2, '66209010023'),
(24, 2, '66209010024'),
(25, 2, '66209010025'),
(26, 2, '66209010026'),
(27, 2, '66209010027'),
(28, 2, '66209010028'),
(29, 2, '66209010029'),
(30, 2, '66209010030'),
(31, 2, '66209010031'),
(32, 2, '66209010032'),
(33, 2, '66209010033'),
(34, 2, '66209010034'),
(35, 2, '66209010035'),
(36, 2, '66209010036'),
(37, 2, '66209010037'),
(38, 2, '66209010038'),
(39, 2, '66209010039'),
(40, 2, '66209010040'),
(41, 3, '66209010041'),
(42, 3, '66209010042'),
(43, 3, '66209010043'),
(44, 3, '66209010044'),
(45, 3, '66209010045'),
(46, 3, '66209010046'),
(47, 3, '66209010047'),
(48, 3, '66209010048'),
(49, 3, '66209010049'),
(50, 3, '66209010050'),
(51, 3, '66209010051'),
(52, 3, '66209010052'),
(53, 3, '66209010053'),
(54, 3, '66209010054'),
(55, 3, '66209010055'),
(56, 3, '66209010056'),
(57, 3, '66209010057'),
(58, 3, '66209010058'),
(59, 3, '66209010059'),
(60, 4, '66209010060'),
(61, 4, '66209010061'),
(62, 4, '66209010062'),
(63, 4, '66209010063'),
(64, 4, '66209010064'),
(65, 4, '66209010065'),
(66, 4, '66209010066'),
(67, 4, '66209010067'),
(68, 4, '66209010068'),
(69, 4, '66209010069'),
(70, 4, '66209010070'),
(71, 4, '66209010071'),
(72, 4, '66209010072'),
(73, 4, '66209010073'),
(74, 4, '66209010074'),
(75, 4, '66209010075'),
(76, 4, '66209010076'),
(77, 4, '66209010077'),
(78, 5, '65209010001'),
(79, 5, '65209010002'),
(80, 5, '65209010003'),
(81, 5, '65209010004'),
(82, 5, '65209010005'),
(83, 5, '65209010006'),
(84, 5, '65209010007'),
(85, 5, '65209010008'),
(86, 5, '65209010009'),
(87, 5, '65209010010'),
(88, 5, '65209010011'),
(89, 5, '65209010012'),
(90, 5, '65209010016'),
(91, 5, '65209010017'),
(92, 5, '65209010018'),
(93, 5, '65209010019'),
(94, 5, '65209010020'),
(95, 5, '65209010021'),
(96, 5, '65209010022'),
(97, 5, '65209010023'),
(98, 6, '65209010024'),
(99, 6, '65209010025'),
(100, 6, '65209010026'),
(101, 6, '65209010027'),
(102, 6, '65209010028'),
(103, 6, '65209010029'),
(104, 6, '65209010030'),
(105, 6, '65209010031'),
(106, 6, '65209010032'),
(107, 6, '65209010033'),
(108, 6, '65209010034'),
(109, 6, '65209010035'),
(110, 6, '65209010036'),
(111, 6, '65209010037'),
(112, 6, '65209010038'),
(113, 6, '65209010039'),
(114, 6, '65209010040'),
(115, 6, '65209010041'),
(116, 6, '65209010042'),
(117, 6, '65209010043'),
(118, 7, '64209010001'),
(119, 7, '64209010002'),
(120, 7, '64209010003'),
(121, 7, '64209010005'),
(122, 7, '64209010007'),
(123, 7, '64209010008'),
(124, 7, '64209010009'),
(125, 7, '64209010010'),
(126, 7, '64209010011'),
(127, 7, '64209010012'),
(128, 7, '64209010013'),
(129, 7, '64209010014'),
(130, 7, '64209010016'),
(131, 7, '64209010017'),
(132, 7, '64209010018'),
(133, 7, '64209010019'),
(134, 7, '64209010020'),
(135, 7, '64209010021'),
(136, 7, '64209010022'),
(137, 7, '64209010023'),
(138, 8, '64209010024'),
(139, 8, '64209010025'),
(140, 8, '64209010027'),
(141, 8, '64209010028'),
(142, 8, '64209010029'),
(143, 8, '64209010030'),
(144, 8, '64209010031'),
(145, 8, '64209010032'),
(146, 8, '64209010033'),
(147, 8, '64209010034'),
(148, 8, '64209010035'),
(149, 8, '64209010036'),
(150, 8, '64209010037'),
(151, 8, '64209010039'),
(152, 8, '64209010041'),
(153, 8, '64209010042'),
(154, 8, '64209010043'),
(155, 8, '64209010045'),
(156, 9, '66309010001'),
(157, 9, '66309010002'),
(158, 9, '66309010003'),
(159, 9, '66309010004'),
(160, 9, '66309010005'),
(161, 9, '66309010006'),
(162, 9, '66309010007'),
(163, 9, '66309010008'),
(164, 9, '66309010009'),
(165, 9, '66309010010'),
(166, 9, '66309010011'),
(167, 9, '66309010012'),
(168, 9, '66309010013'),
(169, 9, '66309010014'),
(170, 9, '66309010015'),
(171, 9, '66309010016'),
(172, 9, '66309010017'),
(173, 9, '66309010018'),
(174, 9, '66309010019'),
(175, 9, '66309010020'),
(176, 9, '66309010021'),
(177, 10, '66309010022'),
(178, 10, '66309010024'),
(179, 10, '66309010025'),
(180, 10, '66309010026'),
(181, 10, '66309010027'),
(182, 10, '66309010028'),
(183, 10, '66309010029'),
(184, 10, '66309010030'),
(185, 10, '66309010031'),
(186, 10, '66309010032'),
(187, 10, '66309010034'),
(188, 10, '66309010035'),
(189, 10, '66309010037'),
(190, 10, '66309010038'),
(191, 10, '66309010039'),
(192, 10, '66309010040'),
(193, 10, '66309010041'),
(194, 10, '66309010042'),
(195, 10, '66309010043'),
(196, 10, '66309010044'),
(197, 10, '66309010045'),
(198, 10, '66309010046'),
(199, 10, '66309010047'),
(200, 10, '66309010048'),
(201, 10, '66309010049'),
(202, 10, '66309010050'),
(203, 11, '65309010001'),
(204, 11, '65309010002'),
(205, 11, '65309010003'),
(206, 11, '65309010004'),
(207, 11, '65309010005'),
(208, 11, '65309010006'),
(209, 11, '65309010007'),
(210, 11, '65309010008'),
(211, 11, '65309010009'),
(212, 11, '65309010010'),
(213, 11, '65309010011'),
(214, 11, '65309010012'),
(215, 11, '65309010014'),
(216, 11, '65309010015'),
(217, 11, '65309010017'),
(218, 11, '65309010018'),
(219, 11, '65309010019'),
(220, 11, '65309010021'),
(221, 11, '65309010022'),
(222, 12, '65309010020'),
(223, 12, '65309010023'),
(224, 12, '65309010024'),
(225, 12, '65309010025'),
(226, 12, '65309010026'),
(227, 12, '65309010027'),
(228, 12, '65309010028'),
(229, 12, '65309010029'),
(230, 12, '65309010030'),
(231, 12, '65309010031'),
(232, 12, '65309010032'),
(233, 12, '65309010034'),
(234, 12, '65309010035'),
(235, 12, '65309010036'),
(236, 12, '65309010037'),
(237, 12, '65309010038'),
(238, 12, '65309010039'),
(239, 12, '65309010040'),
(240, 12, '65309010041'),
(241, 12, '65309010042'),
(242, 12, '65309010043'),
(243, 12, '65309010045'),
(244, 12, '65309010047'),
(245, 12, '65309010049'),
(246, 12, '65309010050'),
(247, 12, '65309010051'),
(248, 13, '66201280001'),
(249, 13, '66201280002'),
(250, 13, '66201280003'),
(251, 13, '66201280004'),
(252, 13, '66201280005'),
(253, 13, '66201280006'),
(254, 13, '66201280007'),
(255, 13, '66201280008'),
(256, 13, '66201280009'),
(257, 13, '66201280010'),
(258, 13, '66201280011'),
(259, 13, '66201280012'),
(260, 13, '66201280013'),
(261, 13, '66201280014'),
(262, 13, '66201280015'),
(263, 13, '66201280016'),
(264, 13, '66201280017'),
(265, 13, '66201280018'),
(266, 13, '66201280019'),
(267, 13, '66201280020'),
(268, 13, '66201280021'),
(269, 14, '66201280023'),
(270, 14, '66201280024'),
(271, 14, '66201280025'),
(272, 14, '66201280026'),
(273, 14, '66201280028'),
(274, 14, '66201280029'),
(275, 14, '66201280030'),
(276, 14, '66201280031'),
(277, 14, '66201280032'),
(278, 14, '66201280033'),
(279, 14, '66201280034'),
(280, 14, '66201280035'),
(281, 14, '66201280036'),
(282, 14, '66201280037'),
(283, 14, '66201280038'),
(284, 14, '66201280039'),
(285, 14, '66201280040'),
(286, 14, '66201280041'),
(287, 14, '66201280042'),
(288, 14, '66201280043'),
(289, 14, '66201280044'),
(290, 15, '66201280045'),
(291, 15, '66201280046'),
(292, 15, '66201280047'),
(293, 15, '66201280048'),
(294, 15, '66201280049'),
(295, 15, '66201280050'),
(296, 15, '66201280051'),
(297, 15, '66201280052'),
(298, 15, '66201280053'),
(299, 15, '66201280054'),
(300, 15, '66201280055'),
(301, 15, '66201280056'),
(302, 15, '66201280057'),
(303, 15, '66201280058'),
(304, 15, '66201280059'),
(305, 15, '66201280060'),
(306, 15, '66201280061'),
(307, 15, '66201280062'),
(308, 15, '66201280063'),
(309, 15, '66201280064'),
(310, 15, '66201280065'),
(311, 15, '66201280066'),
(312, 16, '66201280067'),
(313, 16, '66201280068'),
(314, 16, '66201280069'),
(315, 16, '66201280070'),
(316, 16, '66201280071'),
(317, 16, '66201280072'),
(318, 16, '66201280073'),
(319, 16, '66201280074'),
(320, 16, '66201280075'),
(321, 16, '66201280076'),
(322, 16, '66201280077'),
(323, 16, '66201280078'),
(324, 16, '66201280079'),
(325, 16, '66201280081'),
(326, 16, '66201280082'),
(327, 16, '66201280083'),
(328, 16, '66201280084'),
(329, 16, '66201280085'),
(330, 16, '66201280086'),
(331, 16, '66201280087'),
(332, 17, '65201280001'),
(333, 17, '65201280002'),
(334, 17, '65201280003'),
(335, 17, '65201280004'),
(336, 17, '65201280005'),
(337, 17, '65201280006'),
(338, 17, '65201280007'),
(339, 17, '65201280009'),
(340, 17, '65201280010'),
(341, 17, '65201280011'),
(342, 17, '65201280012'),
(343, 17, '65201280013'),
(344, 17, '65201280014'),
(345, 17, '65201280015'),
(346, 17, '65201280016'),
(347, 17, '65201280017'),
(348, 17, '65201280018'),
(349, 17, '65201280019'),
(350, 17, '65201280020'),
(351, 17, '65201280021'),
(352, 17, '65201280022'),
(353, 17, '65201280023'),
(354, 17, '65201280046'),
(355, 18, '65201280024'),
(356, 18, '65201280025'),
(357, 18, '65201280026'),
(358, 18, '65201280027'),
(359, 18, '65201280028'),
(360, 18, '65201280029'),
(361, 18, '65201280030'),
(362, 18, '65201280031'),
(363, 18, '65201280032'),
(364, 18, '65201280033'),
(365, 18, '65201280034'),
(366, 18, '65201280035'),
(367, 18, '65201280036'),
(368, 18, '65201280037'),
(369, 18, '65201280038'),
(370, 18, '65201280039'),
(371, 18, '65201280040'),
(372, 18, '65201280041'),
(373, 18, '65201280042'),
(374, 18, '65201280043'),
(375, 18, '65201280044'),
(376, 19, '64201280001'),
(377, 19, '64201280002'),
(378, 19, '64201280003'),
(379, 19, '64201280004'),
(380, 19, '64201280005'),
(381, 19, '64201280006'),
(382, 19, '64201280007'),
(383, 19, '64201280008'),
(384, 19, '64201280010'),
(385, 19, '64201280011'),
(386, 19, '64201280012'),
(387, 19, '64201280013'),
(388, 19, '64201280014'),
(389, 19, '64201280015'),
(390, 19, '64201280016'),
(391, 19, '64201280017'),
(392, 19, '64201280018'),
(393, 19, '64201280019'),
(394, 19, '64201280020'),
(395, 19, '64201280021'),
(396, 19, '64201280022'),
(397, 19, '64201280023'),
(398, 19, '64201280024'),
(399, 19, '64201280025'),
(400, 19, '64201280026'),
(401, 20, '64201280027'),
(402, 20, '64201280028'),
(403, 20, '64201280029'),
(404, 20, '64201280031'),
(405, 20, '64201280032'),
(406, 20, '64201280033'),
(407, 20, '64201280034'),
(408, 20, '64201280035'),
(409, 20, '64201280036'),
(410, 20, '64201280037'),
(411, 20, '64201280038'),
(412, 20, '64201280039'),
(413, 20, '64201280040'),
(414, 20, '64201280041'),
(415, 20, '64201280043'),
(416, 20, '64201280044'),
(417, 20, '64201280045'),
(418, 20, '64201280046'),
(419, 20, '64201280047'),
(420, 20, '64201280049'),
(421, 20, '64201280050'),
(422, 20, '63201280039'),
(423, 21, '66301280001'),
(424, 21, '66301280002'),
(425, 21, '66301280003'),
(426, 21, '66301280004'),
(427, 21, '66301280006'),
(428, 21, '66301280007'),
(429, 21, '66301280008'),
(430, 21, '66301280009'),
(431, 21, '66301280010'),
(432, 21, '66301280011'),
(433, 21, '66301280012'),
(434, 21, '66301280013'),
(435, 21, '66301280014'),
(436, 21, '66301280015'),
(437, 21, '66301280016'),
(438, 21, '66301280017'),
(439, 21, '66301280018'),
(440, 21, '66301280019'),
(441, 21, '66301280020'),
(442, 22, '66301280005'),
(443, 22, '66301280021'),
(444, 22, '66301280022'),
(445, 22, '66301280023'),
(446, 22, '66301280024'),
(447, 22, '66301280025'),
(448, 22, '66301280026'),
(449, 22, '66301280027'),
(450, 22, '66301280028'),
(451, 22, '66301280029'),
(452, 22, '66301280030'),
(453, 22, '66301280031'),
(454, 22, '66301280032'),
(455, 22, '66301280033'),
(456, 22, '66301280034'),
(457, 22, '66301280035'),
(458, 22, '66301280036'),
(459, 22, '66301280037'),
(460, 22, '66301280038'),
(461, 22, '66301280039'),
(462, 22, '66301280040'),
(463, 22, '66301280042'),
(464, 22, '66301280043'),
(465, 22, '66301280044'),
(466, 22, '66301280045'),
(467, 23, '65301280001'),
(468, 23, '65301280002'),
(469, 23, '65301280003'),
(470, 23, '65301280004'),
(471, 23, '65301280005'),
(472, 23, '65301280006'),
(473, 23, '65301280007'),
(474, 23, '65301280008'),
(475, 23, '65301280009'),
(476, 23, '65301280010'),
(477, 23, '65301280011'),
(478, 23, '65301280012'),
(479, 23, '65301280013'),
(480, 23, '65301280014'),
(481, 23, '65301280015'),
(482, 23, '65301280016'),
(483, 23, '65301280017'),
(484, 23, '65301280018'),
(485, 23, '65301280019'),
(486, 23, '65301280020'),
(487, 23, '65301280021'),
(488, 24, '65301280022'),
(489, 24, '65301280023'),
(490, 24, '65301280025'),
(491, 24, '65301280027'),
(492, 24, '65301280028'),
(493, 24, '65301280029'),
(494, 24, '65301280030'),
(495, 24, '65301280031'),
(496, 24, '65301280032'),
(497, 24, '65301280033'),
(498, 24, '65301280034'),
(500, 24, '65301280035'),
(501, 24, '65301280037'),
(502, 24, '65301280038'),
(503, 24, '65301280039'),
(504, 24, '65301280040'),
(505, 24, '65301280041'),
(506, 24, '65301280043'),
(507, 24, '65301280044'),
(508, 25, '65202040001'),
(509, 25, '65202040002'),
(510, 25, '65202040003'),
(511, 25, '65202040004'),
(512, 25, '65202040005'),
(513, 25, '65202040006'),
(514, 25, '65202040007'),
(515, 25, '65202040008'),
(516, 25, '65202040009'),
(517, 25, '65202040010'),
(518, 25, '65202040011'),
(519, 25, '65202040012'),
(520, 25, '65202040013'),
(521, 25, '65202040014'),
(522, 25, '65202040015'),
(523, 25, '65202040016'),
(524, 25, '65202040017'),
(525, 25, '65202040018'),
(526, 25, '65202040019'),
(527, 25, '65202040020'),
(528, 26, '65202040021'),
(529, 26, '65202040022'),
(530, 26, '65202040023'),
(531, 26, '65202040024'),
(532, 26, '65202040025'),
(533, 26, '65202040026'),
(534, 26, '65202040027'),
(535, 26, '65202040028'),
(536, 26, '65202040029'),
(537, 26, '65202040030'),
(538, 26, '65202040031'),
(539, 26, '65202040032'),
(540, 26, '65202040033'),
(541, 26, '65202040034'),
(542, 26, '65202040035'),
(543, 26, '65202040036'),
(544, 26, '65202040037'),
(545, 26, '65202040038'),
(546, 26, '65202040039'),
(547, 26, '65202040040'),
(548, 27, '65202040041'),
(549, 27, '65202040042'),
(550, 27, '65202040043'),
(551, 27, '65202040044'),
(552, 27, '65202040045'),
(553, 27, '65202040046'),
(554, 27, '65202040047'),
(555, 27, '65202040048'),
(556, 27, '65202040049'),
(557, 27, '65202040051'),
(558, 27, '65202040052'),
(559, 27, '65202040053'),
(560, 27, '65202040054'),
(561, 27, '65202040056'),
(562, 27, '65202040058'),
(563, 27, '65202040059'),
(564, 27, '65202040060'),
(565, 28, '65202040061'),
(566, 28, '65202040062'),
(567, 28, '65202040063'),
(568, 28, '65202040064'),
(569, 28, '65202040065'),
(570, 28, '65202040066'),
(571, 28, '65202040068'),
(572, 28, '65202040069'),
(573, 28, '65202040070'),
(574, 28, '65202040071'),
(575, 28, '65202040072'),
(576, 28, '65202040073'),
(577, 28, '65202040074'),
(578, 28, '65202040076'),
(579, 28, '65202040077'),
(580, 28, '65202040078'),
(581, 28, '65202040079'),
(582, 28, '65202040080'),
(583, 29, '62202040007'),
(584, 29, '63202040006'),
(585, 29, '64202040001'),
(586, 29, '64202040002'),
(587, 29, '64202040003'),
(588, 29, '64202040005'),
(589, 29, '64202040006'),
(590, 29, '64202040007'),
(591, 29, '64202040008'),
(592, 29, '64202040009'),
(593, 29, '64202040010'),
(594, 29, '64202040011'),
(595, 29, '64202040012'),
(596, 29, '64202040013'),
(597, 29, '64202040014'),
(598, 29, '64202040015'),
(599, 29, '64202040017'),
(600, 29, '64202040019'),
(601, 29, '64202040020'),
(602, 29, '64202040021'),
(603, 29, '64202040022'),
(604, 29, '64202040023'),
(605, 30, '64202040024'),
(606, 30, '64202040025'),
(607, 30, '64202040026'),
(608, 30, '64202040027'),
(609, 30, '64202040029'),
(610, 30, '64202040030'),
(611, 30, '64202040031'),
(612, 30, '64202040033'),
(613, 30, '64202040034'),
(614, 30, '64202040035'),
(615, 30, '64202040036'),
(616, 30, '64202040037'),
(617, 30, '64202040038'),
(618, 30, '64202040039'),
(619, 30, '64202040043'),
(620, 31, '101'),
(621, 31, '102'),
(622, 31, '103'),
(623, 31, '104'),
(624, 31, '105');

-- --------------------------------------------------------

--
-- Table structure for table `tbl_std`
--

CREATE TABLE `tbl_std` (
  `std_id` varchar(11) NOT NULL,
  `std_prefix` varchar(100) NOT NULL,
  `std_firstname` varchar(100) NOT NULL,
  `std_lastname` varchar(100) NOT NULL
) ENGINE=InnoDB DEFAULT CHARSET=utf8 COLLATE=utf8_general_ci;

--
-- Dumping data for table `tbl_std`
--

INSERT INTO `tbl_std` (`std_id`, `std_prefix`, `std_firstname`, `std_lastname`) VALUES
('101', 'Sir', 'Gorge', 'Howard'),
('102', 'Mister', 'Cordes', 'Kolin'),
('103', 'Miss', 'Mayu', 'Yomimura'),
('104', 'Sir', 'James', 'Jones'),
('105', 'Miss', 'Alria', 'Lotus'),
('62202040007', 'นาย', 'จุลจักร', 'จุลประภา'),
('63201280039', 'นางสาว', 'สโรชา', 'คุ้มครอง'),
('63202040006', 'นางสาว', 'จินต์จุฑา', 'ราชกิจ'),
('64201280001', 'นาย', 'กรดนัย', 'มาเอื้อย'),
('64201280002', 'นาย', 'ก้องภพ', 'อัตโน'),
('64201280003', 'นาย', 'คชภัค', 'เรืองวราชิต'),
('64201280004', 'นาย', 'คมกฤษ', 'พรมมหาชัย'),
('64201280005', 'นาย', 'จักรพงษ์', 'ทองมาตรา'),
('64201280006', 'นาย', 'จามีกร', 'ปานทะเล'),
('64201280007', 'นาย', 'จิรโชติ', 'วิสุทธิ์สุรพูล'),
('64201280008', 'นาย', 'จีรวัฒน์', 'ทิพย์กาวี'),
('64201280010', 'นาย', 'ฉัตรดนัย', 'สามารถ'),
('64201280011', 'นาย', 'ชนัสถ์นันท์', 'เจริญจิตร'),
('64201280012', 'นาย', 'ชยุตพล', 'รัตนโสภณ'),
('64201280013', 'นาย', 'ชัยวัฒน์', 'จอกแก้ว'),
('64201280014', 'นาย', 'ฐิติพงศ์', 'บุญแต่ง'),
('64201280015', 'นางสาว', 'ณัฐนิชา', 'สุนาถวนิชย์กุล'),
('64201280016', 'นาย', 'ตันติกร', 'เสืองามเอียม'),
('64201280017', 'นาย', 'ธนกฤต', 'ภุมรินทร์'),
('64201280018', 'นาย', 'ธิเบศร์', 'อาจจิต'),
('64201280019', 'นาย', 'ธีรวัฒน์', 'จินดาวงษ์'),
('64201280020', 'นาย', 'นพรัตน์', 'โสภณ'),
('64201280021', 'นาย', 'นันทปกรณ์', 'สำกลาง'),
('64201280022', 'นาย', 'นาวิน', 'มามะเริง'),
('64201280023', 'นาย', 'บวรดิษฐ์', 'สุขแสง'),
('64201280024', 'นาย', 'บัญยวิต', 'ศรีประชัย'),
('64201280025', 'นาย', 'ปฏิพัทธ์', 'มณีนิล'),
('64201280026', 'นางสาว', 'ปวันรัตน์', 'เอียมสวัสดิ์'),
('64201280027', 'นาย', 'ปัณณพัฒน์', 'ปิติวงศ์วัฒนะ'),
('64201280028', 'นาย', 'ปิยวัฒน์', 'ยะคำนะ'),
('64201280029', 'นาย', 'พงศกร', 'ปิ่นทอง'),
('64201280031', 'นาย', 'พัชรพล', 'มีมุข'),
('64201280032', 'นาย', 'ภาคิน', 'ปั้นปาน'),
('64201280033', 'นาย', 'ภาณุพงศ์', 'สุระแพง'),
('64201280034', 'นาย', 'ภาณุพัฒน์', 'อ่อนตา'),
('64201280035', 'นางสาว', 'โยษิตา', 'โอตพล'),
('64201280036', 'นาย', 'ฤทธิกร', 'กาศรัมย์'),
('64201280037', 'นาย', 'ลภัส', 'นิลระศรี'),
('64201280038', 'นาย', 'วณิชย์', 'ไผ่แก้ว'),
('64201280039', 'นาย', 'วรวัส', 'เทียมทัด'),
('64201280040', 'นางสาว', 'วราพร', 'รับรองฤทธิ์อนันต์'),
('64201280041', 'นาย', 'วิทวัส', 'นาถาดทอง'),
('64201280043', 'นาย', 'ศุภวัฒน์', 'เฮงตระกูล'),
('64201280044', 'นาย', 'เศรษฐณพงศ์', 'นนท์มหา'),
('64201280045', 'นาย', 'สโรฐพันธ', 'ศรีตะลาลัย'),
('64201280046', 'นางสาว', 'อติพร', 'แย้มประดิษฐ'),
('64201280047', 'นาย', 'อภินัทธ์', 'ใจคิด'),
('64201280049', 'นาย', 'อัษฎายุธ', 'ศรีอุดมวัฒน์'),
('64201280050', 'นาย', 'อิสรา', 'มุสิกอง'),
('64202040001', 'นางสาว', 'กมลลักษณ์', 'ผลบุญเรือง'),
('64202040002', 'นางสาว', 'กฤษรินทร์', 'จงรัตนดี'),
('64202040003', 'นางสาว', 'กัญญาณัฐ', 'ทองพันธ์พาน'),
('64202040005', 'นาย', 'กิตติศักดิ์', 'จิตต์ถนอม'),
('64202040006', 'นางสาว', 'เขมิกา', 'สุขประเสริฐ'),
('64202040007', 'นางสาว', 'จันทร์รัศมี', 'ค้างคีรี'),
('64202040008', 'นางสาว', 'จิตรกัญญา', 'แก้วจำรัส'),
('64202040009', 'นางสาว', 'จินดามณี', 'พวงระกำ'),
('64202040010', 'นางสาว', 'จิราภา', 'ขำทอง'),
('64202040011', 'นางสาว', 'จุฑามาศ', 'วงษ์เสนา'),
('64202040012', 'นางสาว', 'ญาณิศา', 'คงสิทธิ์'),
('64202040013', 'นาย', 'ฐปนวัฒน์', 'มาไทย'),
('64202040014', 'นางสาว', 'ฐิติพรรณ', 'จันดอน'),
('64202040015', 'นาย', 'ณัฐวัฒน์', 'บุญเทพ'),
('64202040017', 'นาย', 'ธนพล', 'เตชมา'),
('64202040019', 'นางสาว', 'ธนัญญา', 'รื่นโปร่ง'),
('64202040020', 'นาย', 'ธัชเศรษฐ์', 'ดำรงชัยบริพัชร์'),
('64202040021', 'นาย', 'นพดณ', 'ขอศรีกลาง'),
('64202040022', 'นางสาว', 'นัทธมน', 'ช่อรัก'),
('64202040023', 'นางสาว', 'ปภานัน', 'ยงยุทธ'),
('64202040024', 'นางสาว', 'ศศิสุนันท์', 'เปี่ยมสุขธนา'),
('64202040025', 'นางสาว', 'ปาริชาติ', 'เพ็งพล'),
('64202040026', 'นาย', 'พงศ์พิสุทธิ์', 'รักขเสน'),
('64202040027', 'นางสาว', 'พิชญ์นาฎ', 'รัตนสถานกุล'),
('64202040029', 'นางสาว', 'เพ็ญนภา', 'พงศ์พิทักษ์โยธิน'),
('64202040030', 'นางสาว', 'ภัทรสุดา', 'ศรีสดใส'),
('64202040031', 'นาย', 'โภคิน', 'มณีวรรณ'),
('64202040033', 'นางสาว', 'เยาวภา', 'โทนกระโทก'),
('64202040034', 'นาย', 'รัชภูมิ', 'จุมพล'),
('64202040035', 'นาย', 'รัตน', 'นิสภา'),
('64202040036', 'นางสาว', 'ลลิตา', 'สุขสาลี'),
('64202040037', 'นางสาว', 'วนิดา', 'แสงทอง'),
('64202040038', 'นาย', 'วรรธนัย', 'ธีระนาวี'),
('64202040039', 'นางสาว', 'ศิริลักษณ์', 'ชุ่มศิริ'),
('64202040043', 'นางสาว', 'อภิสรา', 'คิดมา'),
('64209010001', 'นางสาว', 'กมลวรรณ', 'ดีทอง'),
('64209010002', 'นางสาว', 'กัญญารัตน์', 'เผือกอ่อน'),
('64209010003', 'นาย', 'จาฬุภัณฑ์', 'บุรี'),
('64209010005', 'นางสาว', 'ชนกชนม์', 'บ้านใหญ่'),
('64209010007', 'นางสาว', 'ช่อเบญชลาทิพย์', 'โรจนปัญญากูล'),
('64209010008', 'นาย', 'ชาญชนะ', 'ขุนตาล'),
('64209010009', 'นาย', 'โชติพัฒน์', 'ศิริดำ'),
('64209010010', 'นาย', 'ไชยภัทร์', 'สุขสำราญ'),
('64209010011', 'นาย', 'ณ บวร', 'แซ่แต้'),
('64209010012', 'นางสาว', 'ณัฏฐ์ชานันท์', 'พันธ์มะลี'),
('64209010013', 'นาย', 'ณันทพงศ์', 'สารภาพ'),
('64209010014', 'นาย', 'ทศพร', 'ค้อชากุล'),
('64209010016', 'นาย', 'ธนพัฒน์', 'ชาวโพธิ์ทอง'),
('64209010017', 'นางสาว', 'ธนัญดา', 'สหัสถิตย์'),
('64209010018', 'นางสาว', 'ธนัตพร', 'ปานดำ'),
('64209010019', 'นาย', 'ธราดล', 'ทองสงคราม'),
('64209010020', 'นาย', 'ธัญพิสิษฐ์', 'จันทร์ทอง'),
('64209010021', 'นาย', 'ธีรวัต', 'งามขำ'),
('64209010022', 'นาย', 'ปรัตถกร', 'โสชะฎา'),
('64209010023', 'นาย', 'ปัณณธร', 'เกตุแก้ว'),
('64209010024', 'นาย', 'ปิยวัฒน์', 'คงเพ็ชร'),
('64209010025', 'นางสาว', 'พัสน์นันท์', 'กลิ่นหอม'),
('64209010027', 'นาย', 'พิชญุตม์', 'รัตนมณี'),
('64209010028', 'นาย', 'ไพศิษฐ์', 'พันทวี'),
('64209010029', 'นาย', 'ภคิน อาร์เหม็ด', 'ชาร์คเกอร์'),
('64209010030', 'นาย', 'ภาคภูมิ', 'มั่งมูล'),
('64209010031', 'นาย', 'ภูริทัต', 'คงจีบ'),
('64209010032', 'นาย', 'วรายุส', 'แสงประเสริฐ'),
('64209010033', 'นาย', 'วิชญ์ภาส', 'ภู่ดำรงพันธ์'),
('64209010034', 'นาย', 'ศรัณภัสร์', 'ธนันท์รัตนภัทร์'),
('64209010035', 'นางสาว', 'ศราสินี', 'สินสมบัติ'),
('64209010036', 'นาย', 'ศุกภเกียรติ', 'พูลบุตร์'),
('64209010037', 'นางสาว', 'สินิทธา', 'บุญมาเลิศ'),
('64209010039', 'นาย', 'อนวัช', 'สิงห์ภิรมย์'),
('64209010041', 'นาย', 'อภิมุข', 'เล็กทองมาก'),
('64209010042', 'นางสาว', 'อรพรรณ', 'ลัดดาพงศ์'),
('64209010043', 'นาย', 'อลงกรณ์', 'ลายนอก'),
('64209010045', 'นาย', 'อับดุลฮาฟิซ', 'เมฆโซ่'),
('65201280001', 'นาย', 'กมล', 'กาญจนเกตุ'),
('65201280002', 'นาย', 'กรณ์ดนัย', 'อินทรโอสถ'),
('65201280003', 'นาย', 'กฤษฎา', 'กล่อมประเสริฐ'),
('65201280004', 'นาย', 'กษิรา', 'ทรัพย์ประเสริฐ'),
('65201280005', 'นาย', 'ก้องภพ', 'นิ่มครุธ'),
('65201280006', 'นาย', 'กันตภณ', 'เกิดทวี'),
('65201280007', 'นาย', 'กิตติพงศ์', 'จันทชิต'),
('65201280009', 'นาย', 'จตุพงศ์', 'พวงไต้'),
('65201280010', 'นางสาว', 'จิราภา', 'คำภิเดช'),
('65201280011', 'นาย', 'ชนาธิป', 'ศิลปแก้ว'),
('65201280012', 'นาย', 'ชลากร', 'สุนทรนันท์'),
('65201280013', 'นาย', 'ชัยวัฒน์', 'ปรารมย์'),
('65201280014', 'นาย', 'ฑีฆายุ', 'ไกรรอด'),
('65201280015', 'นาย', 'ณัฐพงษ์', 'ร่มโพธิ์ภักดิ์'),
('65201280016', 'นาย', 'ณัฐพล', 'พันธุ'),
('65201280017', 'นาย', 'ณัฐวุฒิ', 'สองศรี'),
('65201280018', 'นางสาว', 'ทองพิสุทธิ์', 'ทองเอี่ยม'),
('65201280019', 'นาย', 'ทัพพ์จิรัฐ', 'กาญจนเกตุ'),
('65201280020', 'นาย', 'ธนากร', 'ศิริจันทร์'),
('65201280021', 'นาย', 'ธัชพล', 'จิตต์อนงค์'),
('65201280022', 'นาย', 'ธีรศักดิ์', 'เบ็ญจรงค์'),
('65201280023', 'นาย', 'ธีระพัฒน์', 'นิเลิศรัมย์'),
('65201280024', 'นาย', 'นักรบ', 'น้ำเงิน'),
('65201280025', 'นาย', 'นัทฐกร', 'จันทถิระ'),
('65201280026', 'นาย', 'นัทธนนทธ์', 'ลายคาม'),
('65201280027', 'นาย', 'บัณทัต', 'ประสพสุข'),
('65201280028', 'นาย', 'ปฐวี', 'ชูสุข'),
('65201280029', 'นาย', 'ปานเทพ', 'คชาโภชน์'),
('65201280030', 'นาย', 'พงศธร', 'วงค์ภา'),
('65201280031', 'นาย', 'พิชญุตม์', 'ทองเย็น'),
('65201280032', 'นาย', 'พุฒิพงษ์', 'เย็นผาสุข'),
('65201280033', 'นาย', 'ภูตะวัน', 'ตู้ภูมิ'),
('65201280034', 'นาย', 'มานะ', 'ฉายสังข์'),
('65201280035', 'นาย', 'ศักภาวุฒ', 'เกิดมาลัย'),
('65201280036', 'นาย', 'ศิวกร', 'ศรีพรหมษา'),
('65201280037', 'นาย', 'ศิวัธ', 'แก้วมี'),
('65201280038', 'นาย', 'ศุภวิชญ์', 'สีแสด'),
('65201280039', 'นาย', 'สัณหพจน์', 'ศรีวิชา'),
('65201280040', 'นาย', 'สิปปวิชญ์', 'ฉิมกลาง'),
('65201280041', 'นาย', 'สิรภัทร', 'อาวาศ'),
('65201280042', 'นาย', 'สุทราพงศ์', 'เศษรักษา'),
('65201280043', 'นาย', 'เหมรัตน์', 'มะลิทอง'),
('65201280044', 'นางสาว', 'อนุตตรีย์', 'บัวเขียว'),
('65201280046', 'นาย', 'กิตติพัฒน์', 'สมเจริญ'),
('65202040001', 'นาย', 'ไกรศรี', 'กระแสเทพ'),
('65202040002', 'นางสาว', 'จิดาภา', 'ธรรมกมล'),
('65202040003', 'นางสาว', 'ชลธิชา', 'หล้าโสม'),
('65202040004', 'นางสาว', 'ณัชชา', 'ทองเงิน'),
('65202040005', 'นาย', 'ณัฐพงศ์', 'ศาสนา'),
('65202040006', 'นาย', 'ณัฐภูมิ', 'ทองดี'),
('65202040007', 'นางสาว', 'ทรรศนีย์', 'ขุมเพ็ชร'),
('65202040008', 'นางสาว', 'ธนพร', 'แซ่กัว'),
('65202040009', 'นางสาว', 'ธวัลรัตน์', 'เกตุมงคลวิวัฒน์'),
('65202040010', 'นางสาว', 'ธัญญาเรศ', 'เพ็ชรงาม'),
('65202040011', 'นาย', 'นภดล', 'อารยะรัตนกุล'),
('65202040012', 'นางสาว', 'นริศรา', 'วงษ์แสวง'),
('65202040013', 'นางสาว', 'นลินทิพย์', 'แพทย์กูล'),
('65202040014', 'นางสาว', 'นลินรัตน์', 'กระแสเทพ'),
('65202040015', 'นาย', 'นันทิพัฒน์', 'ชัยพานิชย์'),
('65202040016', 'นางสาว', 'นิลนภา', 'หินโม'),
('65202040017', 'นาย', 'บารมี', 'รอดปั้น'),
('65202040018', 'นาย', 'ปฏิวิทย์', 'แซ่ลิ่ม'),
('65202040019', 'นางสาว', 'ปรายฟ้า', 'เผ่นจันทึก'),
('65202040020', 'นางสาว', 'ปาริฉัตร', 'ชาไพโรจน์'),
('65202040021', 'นาย', 'พัชรชัย', 'ยามช่วง'),
('65202040022', 'นาย', 'ภัทรดนัย', 'ภู่เกษร'),
('65202040023', 'นาย', 'ภูริภัทร', 'กาทองทุ่ง'),
('65202040024', 'นาย', 'ภูวนาถ', 'ศรีสมโภชน์'),
('65202040025', 'นางสาว', 'รุ่งนภา', 'สงค์ลำ'),
('65202040026', 'นาย', 'วริทธิ์', 'ผลเจริญสมบูรณ์'),
('65202040027', 'นางสาว', 'วัลลภา', 'อินทศร'),
('65202040028', 'นางสาว', 'วิลาสินี', 'นามแสง'),
('65202040029', 'นาย', 'วีรศิลป์', 'ชัยบุตรสาลี'),
('65202040030', 'นาย', 'ศุภกานต์', 'สาตสิน'),
('65202040031', 'นางสาว', 'ศุภิสรา', 'แสนเจียม'),
('65202040032', 'นางสาว', 'สมิตา', 'ใจป้ำ'),
('65202040033', 'นางสาว', 'สายใจ', 'รอดแย้ม'),
('65202040034', 'นางสาว', 'สิริกัญญา', 'สวัสดี'),
('65202040035', 'นางสาว', 'สุพรรณี', 'ปลอดอ่อน'),
('65202040036', 'นางสาว', 'สุพัตรา', 'ปราบโจร'),
('65202040037', 'นาย', 'อชิระ', 'เชื้อเจริญ'),
('65202040038', 'นางสาว', 'อดิศา', 'การุณกร'),
('65202040039', 'นางสาว', 'อนันตญา', 'มัธยม'),
('65202040040', 'นางสาว', 'อรุณี', 'โขนแจ่ม'),
('65202040041', 'นางสาว', 'กานต์มณี', 'ธนาบัติ'),
('65202040042', 'นาย', 'จักรวรรดิ', 'อินทรา'),
('65202040043', 'นาย', 'จิรายุ', 'พันพึ่ง'),
('65202040044', 'นาย', 'เจษฎากร', 'แคนเภา'),
('65202040045', 'นางสาว', 'ชลธิชา', 'สุขโกเมศ'),
('65202040046', 'นาย', 'ณภัทร', 'เสลี'),
('65202040047', 'นางสาว', 'ณัฐภัทร', 'สมานชาติ'),
('65202040048', 'นางสาว', 'ณัฐสุดา', 'มาลาทอง'),
('65202040049', 'นาย', 'ดนุพร', 'บรรพต'),
('65202040051', 'นาย', 'ติณณภพ', 'อินทร์เจริญ'),
('65202040052', 'นางสาว', 'ทยิดา', 'ฤทธิชัย'),
('65202040053', 'นาย', 'ธันวา', 'เกตุสุวรรณ'),
('65202040054', 'นาย', 'ธีรวัฒน์', 'จำนงค์ผล'),
('65202040056', 'นาย', 'นฤเบศ', 'แพทย์ประสิทธิ์'),
('65202040058', 'นาย', 'ปรัชญา', 'แก้วลับ'),
('65202040059', 'นาย', 'ปุณณภพ', 'ศรีสุข'),
('65202040060', 'นาย', 'ภาคภูมิ', 'บุญเหลือ'),
('65202040061', 'นาย', 'ภูริณัฐ', 'คิดประเสริฐ'),
('65202040062', 'นาย', 'ภูริวัจน์', 'ลิ้มวัฒนโรจน์'),
('65202040063', 'นาย', 'เมธวิน', 'สังวิจิตร'),
('65202040064', 'นางสาว', 'ยุพาวัลย์', 'อินจันทร์'),
('65202040065', 'นางสาว', 'วธูสิริ', 'รัมมะนพ'),
('65202040066', 'นาย', 'วิธวินท์', 'บุญรอด'),
('65202040068', 'นางสาว', 'วิรดา', 'ยาจันทรา'),
('65202040069', 'นาย', 'วีรวัฒน์', 'แก้วมุงคุณ'),
('65202040070', 'นาย', 'ศตวรรษ', 'เนื่องจำนงค์'),
('65202040071', 'นาย', 'ศรุต', 'เอกพัฒนธาดา'),
('65202040072', 'นาย', 'ศิริศักดิ์', 'เจริญอาจ'),
('65202040073', 'นาย', 'ศิวกร', 'เรืองรัตน์วณิชยา'),
('65202040074', 'นาย', 'ศิวัช', 'ขวัญเมือง'),
('65202040076', 'นางสาว', 'สุขจิราภัทร์', 'ปรีเปรม'),
('65202040077', 'นาย', 'สุทธิรงค์', 'กองพิมพ์'),
('65202040078', 'นางสาว', 'หทัยกาญจน์', 'บุญทัศน์'),
('65202040079', 'นาย', 'อาเดรซ', 'บุญนิรักษ์'),
('65202040080', 'นางสาว', 'อินถวา', 'เทียงดำ'),
('65209010001', 'นาย', 'กรวิชญ์', 'ปรีอาพรรณ'),
('65209010002', 'นางสาว', 'กัญญาวีร์', 'ศรีกัลยาณกุล'),
('65209010003', 'นาย', 'จาตุรนต์', 'แสงสังข์'),
('65209010004', 'นาย', 'จิรวัฒน์', 'บุญแผน'),
('65209010005', 'นางสาว', 'ชลิศา', 'บุญประกอบ'),
('65209010006', 'นาย', 'ชัยวัฒน์', 'ลบแย้ม'),
('65209010007', 'นางสาว', 'ดาริณยา', 'บุญต่อ'),
('65209010008', 'นาย', 'ธนกฤต', 'พรรณเผือก'),
('65209010009', 'นางสาว', 'ธนพร', 'นาร่อง'),
('65209010010', 'นางสาว', 'ธนภรณ์', 'โคตรเนตร'),
('65209010011', 'นาย', 'ธนวัฒน์', 'ทองดีนอก'),
('65209010012', 'นาย', 'ธนสร', 'ใสยิ่ง'),
('65209010016', 'นาย', 'ธีรภัทร์', 'นนท์คำวงค์'),
('65209010017', 'นาย', 'ธีรวัฒน์', 'พรมสิงห์'),
('65209010018', 'นางสาว', 'นภัส', 'เพชรฤทธิ์'),
('65209010019', 'นาย', 'นรวีร์', 'ย่วนยินรักษ์'),
('65209010020', 'นาย', 'นัทธพงศ์', 'เหมือนประสาน'),
('65209010021', 'นาย', 'นันทวัฒน์', 'แจ้งน้อย'),
('65209010022', 'นาย', 'นาวิน', 'ศิริขันแสง'),
('65209010023', 'นาย', 'บดินทร์', 'ยินดี'),
('65209010024', 'นาย', 'ปริยะ', 'สนธิเนตร์'),
('65209010025', 'นาย', 'ผาสุก', 'เรืองทอง'),
('65209010026', 'นาย', 'แผ่นฟ้า', 'เทศวิศาล'),
('65209010027', 'นางสาว', 'พิมพ์ชนก', 'ชรางกูล'),
('65209010028', 'นาย', 'ภัทรพล', 'พลเขต'),
('65209010029', 'นาย', 'ภีระพัฒน์', 'คำอ้อ'),
('65209010030', 'นางสาว', 'มินทร์ตรายา', 'เจริญผล'),
('65209010031', 'นางสาว', 'วรัญญา', 'เย็นสำราญ'),
('65209010032', 'นาย', 'วราวุธ', 'เพ็งขุนทด'),
('65209010033', 'นางสาว', 'วาสนา', 'ไทรศักดิ์สิทธิ์'),
('65209010034', 'นาย', 'วิลเลี่ยม', 'มาร์ชาวล์'),
('65209010035', 'นาย', 'วิศรุต', 'นามเสนาะ'),
('65209010036', 'นาย', 'ศิวกรณ์', 'เศรษฐีธัญหาร'),
('65209010037', 'นาย', 'ศิวัฒน์', 'เลิศขุนทด'),
('65209010038', 'นาย', 'ศิวัฒม์', 'ศรีพิลาศ'),
('65209010039', 'นาย', 'ศุภฤกษ์', 'ยะตั๋น'),
('65209010040', 'นาย', 'สธน', 'ลิ้มสกุลทิพย์'),
('65209010041', 'นาย', 'สรธร', 'มนูญธรรมพร'),
('65209010042', 'นาย', 'พัณณ์กฤต', 'สินธุรักษ์'),
('65209010043', 'นาย', 'สิรภัทร', 'จุฬารัชศิลป์'),
('65301280001', 'นางสาว', 'กมลมาต', 'พยอมสวย'),
('65301280002', 'นาย', 'กฤติพงษ์', 'คุ้มปลื้ม'),
('65301280003', 'นาย', 'กิตติคุณ', 'นวมดี'),
('65301280004', 'นาย', 'ชานนท์', 'เจริญแพทย์'),
('65301280005', 'นาย', 'ณัฐกร', 'สร้อยวัชรกุล'),
('65301280006', 'นาย', 'ธนโชติ', 'พูลผล'),
('65301280007', 'นาย', 'ธนพนธ์', 'ภูพานทอง'),
('65301280008', 'นาย', 'ธนพล', 'พันธุ์ดนตรี'),
('65301280009', 'นาย', 'ธีรวัฒน์', 'โพธิ์สาวัง'),
('65301280010', 'นาย', 'นนทพัทธ์', 'งาเจือ'),
('65301280011', 'นาย', 'นัชฐพล', 'เหมือนวงธรรม'),
('65301280012', 'นาย', 'นันทพัทธ์', 'วณิชธนาศิริ'),
('65301280013', 'นาย', 'ปณิธาณ', 'พงษ์เรือง'),
('65301280014', 'นาย', 'พีรกานต์', 'ไกรพินิจ'),
('65301280015', 'นาย', 'พีรพัฒน์', 'เครือแก้ว ณ ลำพูน'),
('65301280016', 'นาย', 'พีรวัส', 'สุทาทัศน์'),
('65301280017', 'นาย', 'ภูตะวัน', 'จุลน้อย'),
('65301280018', 'นาย', 'ภูริภัทร', 'เดาะขุนทด'),
('65301280019', 'นาย', 'มูฮัมมัดนาซีร', 'ศรีเสงี่ยม'),
('65301280020', 'นาย', 'ไวชยันต์', 'ภิญโญ'),
('65301280021', 'นางสาว', 'สุภัฐชกุล', 'เหล่าสมภพสุข'),
('65301280022', 'นาย', 'ขจรพต', 'คงเยื้องดี'),
('65301280023', 'นาย', 'คมชาญ', 'ทิพโสต'),
('65301280025', 'นาย', 'ฉัตรฐิวัฒน์', 'บัวพนมมาศ'),
('65301280027', 'นาย', 'ณัฐดนัย', 'หลากสุขถม'),
('65301280028', 'นาย', 'ธนกฤต', 'เรืองฤทธิ์'),
('65301280029', 'นาย', 'ธนารักษ์', 'อินทฤทธิ์'),
('65301280030', 'นาย', 'ธีรภัทร', 'ศรีธิทนันไชย'),
('65301280031', 'นางสาว', 'นิดา', 'เพกอง'),
('65301280032', 'นาย', 'นิธิพัฒน์', 'ใจมิภักดิ์'),
('65301280033', 'นาย', 'ปิยภัฏ', 'เดือนเพ็ง'),
('65301280034', 'นางสาว', 'ปิยมาพร', 'นอกกระโทก'),
('65301280035', 'นางสาว', 'พรนิภา', 'พันธุ์เจริญ'),
('65301280037', 'นาย', 'ภัทรพล', 'รัศมี'),
('65301280038', 'นาย', 'ภาดล', 'แซ่ห่าน'),
('65301280039', 'นางสาว', 'มุทิตา', 'ผิวงาม'),
('65301280040', 'นางสาว', 'ร้อยตะวัน', 'สุระ'),
('65301280041', 'นาย', 'วัชรพล', 'ตระกุลเพชร'),
('65301280043', 'นาย', 'อรรถโกวิท', 'หัสเสนะ'),
('65301280044', 'นาย', 'ออมสิน', 'จั่นรักษ์'),
('65309010001', 'นาย', 'กรณ์', 'บุหรั่นฉาย'),
('65309010002', 'นางสาว', 'เขมิกา', 'ตู้ทองคำ'),
('65309010003', 'นางสาว', 'จตุพร', 'ฉายประเสริฐศรี'),
('65309010004', 'นาย', 'ณัฏฐากร', 'เกษประดิษฐ'),
('65309010005', 'นาย', 'ณัฐพัชร', 'ศรีพรหม'),
('65309010006', 'นาย', 'ณัฐภูมิ', 'โสมสุข'),
('65309010007', 'นาย', 'ธนกร', 'พิชัย'),
('65309010008', 'นาย', 'ธนะกฤษฏิ์', 'ศรีธนัตถ์ธนากูล'),
('65309010009', 'นาย', 'ธีรภัทร', 'เพ็ชรจินดา'),
('65309010010', 'นาย', 'นวพล', 'วงษ์โสภา'),
('65309010011', 'นาย', 'นันทวัฒน์', 'ศรีวิเชียร'),
('65309010012', 'นาย', 'นันธภัทร', 'กุมพันธ์'),
('65309010014', 'นางสาว', 'ปัณณพร', 'ศรีพรมทา'),
('65309010015', 'นาย', 'พัลลภ', 'บุญเหลือ'),
('65309010017', 'นาย', 'ภูรินทร์', 'ทัศคร'),
('65309010018', 'นางสาว', 'รวิสรา', 'แสงใส'),
('65309010019', 'นางสาว', 'วิไลพร', 'โพธิรุกขา'),
('65309010020', 'นางสาว', 'สมิตานัน', 'มั่นหมาย'),
('65309010021', 'นางสาว', 'สิริกร', 'บำเพ็ญกิจ'),
('65309010022', 'นาย', 'อาณาจักร', 'สุยหนู'),
('65309010023', 'นางสาว', 'กมลวรรณ', 'แป้นสุวรรณ์'),
('65309010024', 'นางสาว', 'กานต์ธิดา', 'บุญล่า'),
('65309010025', 'นาย', 'กานต์รวี', 'ทองแจ่ม'),
('65309010026', 'นางสาว', 'กุลจิรา', 'บกบน'),
('65309010027', 'นางสาว', 'กุลปรียา', 'บกบน'),
('65309010028', 'นางสาว', 'ชลรยา', 'กำพุฒ'),
('65309010029', 'นาย', 'ชัยวัฒน์', 'คงนุช'),
('65309010030', 'นาย', 'ฐิติวุฒิ', 'พุกภิญโญ'),
('65309010031', 'นาย', 'ตรีวิทย์', 'สุทธมุสิก'),
('65309010032', 'นางสาว', 'ธันยภรณ์', 'คมขำ'),
('65309010034', 'นาย', 'นันทวัฒน์', 'จันทะคะมุด'),
('65309010035', 'นาย', 'ปฏิพล', 'เหลนปก'),
('65309010036', 'นาย', 'ปฏิภาณ', 'แววเพ็ชร'),
('65309010037', 'นางสาว', 'ปนวรรณ', 'กลิ่นระรื่น'),
('65309010038', 'นางสาว', 'ปนัสยา', 'ศรีทรัพย์'),
('65309010039', 'นาย', 'ประวิทย์', 'ชื่นสำราญ'),
('65309010040', 'นางสาว', 'พรกมล', 'ลักษณะงาม'),
('65309010041', 'นางสาว', 'เพ็ญพิชชา', 'ไชยนาเรียง'),
('65309010042', 'นาย', 'รัชชานนท์', 'ศรีไชย'),
('65309010043', 'นางสาว', 'วรรณษา', 'รักหมู่กลาง'),
('65309010045', 'นาย', 'วุฒติชัย', 'พลขุนทด'),
('65309010047', 'นางสาว', 'สุธาสินี', 'ใจแก้ว'),
('65309010049', 'นางสาว', 'สุภัทรา', 'แสงพิทักษ์'),
('65309010050', 'นางสาว', 'อมรพรรณ', 'ชูหีบ'),
('65309010051', 'นาย', 'อาคเนย์', 'ชาญกล'),
('66201280001', 'นางสาว', 'กนกกาญจน์', 'ขวัญเมือง'),
('66201280002', 'นางสาว', 'กมลนัทธ์', 'ใจเด็ด'),
('66201280003', 'นางสาว', 'กรพินธุ์', 'แจ่มใส'),
('66201280004', 'นางสาว', 'กฤติมา', 'แย้มนวล'),
('66201280005', 'นาย', 'กลวัชร', 'สุวรรณชาตรี'),
('66201280006', 'นาย', 'คุณากร', 'ศรีเกิด'),
('66201280007', 'นาย', 'จิรภัทร', 'สุโน'),
('66201280008', 'นาย', 'ชิษณุพงศ์', 'เปรินกุล'),
('66201280009', 'นาย', 'ณพงษกร', 'เกตุแจ้'),
('66201280010', 'นางสาว', 'ณัชชิชา', 'เรืองราษฎร์'),
('66201280011', 'นางสาว', 'ณัฐกมล', 'ค้ำจุน'),
('66201280012', 'นาย', 'ณัฐพล', 'วงศ์ศรี'),
('66201280013', 'นาย', 'ณัฐวัชต์', 'จันทร์กุล'),
('66201280014', 'นาย', 'ณัฐวุฒิ', 'ทองรอด'),
('66201280015', 'นางสาว', 'ทิฆัมพร', 'วงศ์ทวี'),
('66201280016', 'นาย', 'ธงชัย', 'จุลศรี'),
('66201280017', 'นาย', 'ธนภัทร', 'ธีระจันทมงคล'),
('66201280018', 'นาย', 'ธนาธิป', 'หนูขจัด'),
('66201280019', 'นาย', 'ธเนศ', 'หัดสูงเนิน'),
('66201280020', 'นาย', 'นภัทรศิลา', 'นิดจำรูญ'),
('66201280021', 'นางสาว', 'นลพรรณ', 'พลายทอง'),
('66201280023', 'นาย', 'นาวี', 'หละวัน'),
('66201280024', 'นาย', 'บุญเพิ่ม', 'เอียะรัมย์'),
('66201280025', 'นาย', 'ปาริวาสน์', 'เลี่ยวเส็ง'),
('66201280026', 'นาย', 'ปุญญพัฒน์', 'ขาวกา'),
('66201280028', 'นาย', 'พีรณัฐ', 'อุทัยชลานนท์'),
('66201280029', 'นาย', 'พีรวัส', 'ไร้กะ'),
('66201280030', 'นาย', 'ภวัต', 'จันทรศรี'),
('66201280031', 'นาย', 'ภูริทัต', 'ศิริภูธร'),
('66201280032', 'นาย', 'ภูวิช', 'ช้างชาวนา'),
('66201280033', 'นาย', 'เมฆินท์', 'ปัสสาวาท'),
('66201280034', 'นาย', 'รัฐศาสตร์', 'สุขขำ'),
('66201280035', 'นาย', 'วชิระ', 'สัญญะโรจน์'),
('66201280036', 'นาย', 'ศิวกร', 'คำเจริญ'),
('66201280037', 'นาย', 'ศิวดล', 'มิ่งพฤกษ์'),
('66201280038', 'นาย', 'สรวิศ', 'ปานบุญลือ'),
('66201280039', 'นาย', 'สิริชัย', 'บุญธรรม'),
('66201280040', 'นางสาว', 'สุณัฏฐา', 'ศรีมูลผา'),
('66201280041', 'นาย', 'อภิวุฒิ', 'โรจน์ดำรงการ'),
('66201280042', 'นาย', 'อัครพล', 'อาลัย'),
('66201280043', 'นาย', 'อัฐฑพล', 'จึงจรัสทรัพย์'),
('66201280044', 'นาย', 'อาทินาถ', 'บุญประสพ'),
('66201280045', 'นางสาว', 'กรกนก', 'สมประสงค์'),
('66201280046', 'นางสาว', 'กรรณิกา', 'จ้อยบำรุง'),
('66201280047', 'นาย', 'กฤตพรต', 'วงษ์แหลมสิงห์'),
('66201280048', 'นาย', 'กันตวิชญ์', 'พานทอง'),
('66201280049', 'นาย', 'กิตติกร', 'สร้อยสุวรรณ'),
('66201280050', 'นาย', 'กิตติศักดิ์', 'ชละเอม'),
('66201280051', 'นางสาว', 'กุลธิดา', 'ทวีสุข'),
('66201280052', 'นาย', 'เจคอบ', 'สิรวิชญ์เบาเออร์'),
('66201280053', 'นาย', 'ชนาทิป', 'เทียมเสมอ'),
('66201280054', 'นาย', 'ชยพล', 'ไกรสีห์'),
('66201280055', 'นางสาว', 'ชาคริยา', 'คนเที่ยง'),
('66201280056', 'นาย', 'ชินภัทร', 'แก้วศรีนวม'),
('66201280057', 'นาย', 'ณเดช', 'คงประเสริฐ'),
('66201280058', 'นาย', 'ณัฎฐพล', 'บัวหลวง'),
('66201280059', 'นาย', 'ณัฐดนัย', 'ลีบำรุง'),
('66201280060', 'นาย', 'ณัฐวุฒิ', 'มุติภัย'),
('66201280061', 'นางสาว', 'ทักษพร', 'อ่อนภู่'),
('66201280062', 'นาย', 'ธนกฤต', 'เจริญทรัพย์'),
('66201280063', 'นาย', 'ธนโชติ', 'คชาอาจ'),
('66201280064', 'นาย', 'ธนภัทร', 'สุทธิสนธ์'),
('66201280065', 'นางสาว', 'ธัญชนก', 'สินเติม'),
('66201280066', 'นาย', 'ธีรเมธ', 'ระมั่งน้อย'),
('66201280067', 'นาย', 'นวนันท์', 'กลิ่นอ่อน'),
('66201280068', 'นางสาว', 'นัฎฐนิชา', 'บุญมั่น'),
('66201280069', 'นาย', 'นิธิโชติ', 'พรมน้อย'),
('66201280070', 'นางสาว', 'ปภัสสร', 'ผาสีดา'),
('66201280071', 'นางสาว', 'พรนัชชา', 'คงยิ่งหาญ'),
('66201280072', 'นาย', 'พีรพัฒน์', 'คล้ายศร'),
('66201280073', 'นางสาว', 'แพรวา', 'สีพรม'),
('66201280074', 'นาย', 'ภาสวุฒิ', 'ธรรมชาติ'),
('66201280075', 'นาย', 'ภูตะวัน', 'แทนเพชร'),
('66201280076', 'นางสาว', 'เมธาพร', 'นวลฉวี'),
('66201280077', 'นาย', 'รติบดี', 'สุขะเดชะ'),
('66201280078', 'นาย', 'รัตนศักดิ์', 'ดวงแสนกุล'),
('66201280079', 'นาย', 'ศุภโชค', 'ลาวงศ์'),
('66201280081', 'นาย', 'สหวัสส์', 'ศิริสินวัฒนา'),
('66201280082', 'นาย', 'สิรเยส', 'สนเคหงษ์'),
('66201280083', 'นาย', 'สุธาภุช', 'พูลสุวรรณ์'),
('66201280084', 'นางสาว', 'สุภาพร', 'กรณีย์'),
('66201280085', 'นาย', 'อรรถกฤต', 'สุขสงวน'),
('66201280086', 'นาย', 'อานนท์', 'เมียนวี'),
('66201280087', 'นาย', 'อำนวยชัย', 'เพิ่มเจริญ'),
('66209010001', 'นางสาว', 'กนกพร', 'ยกศิริ'),
('66209010002', 'นาย', 'กมลชัย', 'สุขสวัสดิ์'),
('66209010003', 'นาย', 'กรวิชญ์', 'ยงค์เพ็ชร'),
('66209010004', 'นาย', 'กฤษณะ', 'ภูสิงห์ทอง'),
('66209010005', 'นางสาว', 'กัญญ์วรา', 'นูพลกรัง'),
('66209010006', 'นางสาว', 'กัญญาณัฐ', 'กลมวง'),
('66209010007', 'นาย', 'กันตพงศ์', 'แสนบุตร'),
('66209010008', 'นาย', 'เกียรติภูมิ', 'พลอยศิริ'),
('66209010009', 'นาย', 'เควิน โอลิเวอร์', 'ฮูเบอร์'),
('66209010010', 'นาย', 'จักรภัทร', 'จงแจ้งกลาง'),
('66209010011', 'นางสาว', 'ชนันสิริ', 'กุลนิษฐ์'),
('66209010012', 'นาย', 'ชานน', 'บุญประเสริฐ'),
('66209010013', 'นาย', 'ชินกฤต', 'ดีดวงพันธ์'),
('66209010014', 'นางสาว', 'ฐิติพร', 'ธาระถ้อย'),
('66209010015', 'นาย', 'ฐีรภาสกร', 'จุลพันธ์'),
('66209010016', 'นาย', 'ณัฐวัตร', 'ทองสุวรรณ'),
('66209010017', 'นางสาว', 'ดวงหทัย', 'กรรณสูตร์'),
('66209010018', 'นาย', 'ดุรงค์กร', 'สุวรรณประเสริฐ'),
('66209010019', 'นาย', 'ทิวัฒน์', 'ธุระกิจ'),
('66209010020', 'นาย', 'ปรมี', 'สุวรรณรัตน์'),
('66209010021', 'นาย', 'ธนชัย', 'แสนเสนา'),
('66209010022', 'นาย', 'ธนธัช', 'เรียนทรัพย์'),
('66209010023', 'นางสาว', 'ธนพร', 'จันทะวัน'),
('66209010024', 'นาย', 'ธันวา', 'เฟื่องนคร'),
('66209010025', 'นาย', 'ธีรภัทร', 'ช่วงชาวนา'),
('66209010026', 'นาย', 'นันทกิจ', 'บุญทิวนาค'),
('66209010027', 'นางสาว', 'ปนิตา', 'งอกชัยภูมิ'),
('66209010028', 'นางสาว', 'ปัญญาภรณ์', 'เวชวงษ์'),
('66209010029', 'นางสาว', 'ปิ่นมุก', 'กองโพธิ์ชัย'),
('66209010030', 'นาย', 'ปุญญพัฒน์', 'ภัคเกษม'),
('66209010031', 'นางสาว', 'พัชรา', 'น้อยสกล'),
('66209010032', 'นางสาว', 'ภคพร', 'โสระสิงห์'),
('66209010033', 'นาย', 'ภัทรพล', 'ผิวขาว'),
('66209010034', 'นาย', 'รพีภัทร', 'พวงแก้ว'),
('66209010035', 'นางสาว', 'รัฐติยา', 'ณ บางช้าง'),
('66209010036', 'นางสาว', 'วิภวารี', 'ริดจันอัด'),
('66209010037', 'นาย', 'วิสุทธิ์', 'ศิริโรจน์'),
('66209010038', 'นาย', 'ศุภกฤต', 'ก้องฐิติเดช'),
('66209010039', 'นางสาว', 'หนึ่งฤทัย', 'ช่างถม'),
('66209010040', 'นาย', 'อิทธิพัทธ์', 'จั่นพา'),
('66209010041', 'นาย', 'กิตธนาวัฒน์', 'พิกุล'),
('66209010042', 'นางสาว', 'ขวัญจิรา', 'เกล้าเกษตร'),
('66209010043', 'นาย', 'ขุนณรงค์', 'เจริญผล'),
('66209010044', 'นาย', 'จักรกริช', 'ทองฉาย'),
('66209010045', 'นางสาว', 'จุฑามาศ', 'แสงเรือง'),
('66209010046', 'นาย', 'เจษฎาภร', 'นันปวน'),
('66209010047', 'นาย', 'ฉัตรจิรันตน์', 'พุมาเกรียว'),
('66209010048', 'นาย', 'ชาร์ล ปวีณ', 'รูล'),
('66209010049', 'นาย', 'ณัฐกานต์', 'บัวทุม'),
('66209010050', 'นางสาว', 'ณัฐณิชา', 'เกตุแจ้'),
('66209010051', 'นาย', 'ณัฐวรรธน์', 'โรจนธนธรรม'),
('66209010052', 'นาย', 'ทัชภูมิ', 'พลหมั่น'),
('66209010053', 'นาย', 'ธนกฤต', 'บุญกล้า'),
('66209010054', 'นาย', 'ธนภัทร', 'โชคชัยธาวินกุณฑ์'),
('66209010055', 'นาย', 'ธันวา', 'แก้วสีทา'),
('66209010056', 'นางสาว', 'นนทพัฒน', 'ชัยเจริญพงศ์'),
('66209010057', 'นางสาว', 'ปณิตา', 'สุขเอม'),
('66209010058', 'นาย', 'ปริญ์ยังกูล', 'สามล'),
('66209010059', 'นางสาว', 'พัชญาภา', 'ช่างไชย'),
('66209010060', 'นางสาว', 'พิมนิภา', 'ประสมสิน'),
('66209010061', 'นาย', 'พีรพัฒน์', 'ชาพล'),
('66209010062', 'นางสาว', 'ฟ้าใส', 'ทำมะวงสา'),
('66209010063', 'นาย', 'ภัทรกร', 'ขจรฤทธิ์'),
('66209010064', 'นาย', 'ภัทรพล', 'บินการัมซอ'),
('66209010065', 'นาย', 'ภาณุพงศ์', 'เจริญวัฒนะ'),
('66209010066', 'นาย', 'ภูวนัย', 'นิลศิริ'),
('66209010067', 'นางสาว', 'ภูวลิน', 'อุไรสาย'),
('66209010068', 'นางสาว', 'เมธาพร', 'บัณฑิต'),
('66209010069', 'นาย', 'วิระพัฒน์', 'แต้มชัยภูมิ'),
('66209010070', 'นาย', 'ศิริศิลป์', 'คงคางาม'),
('66209010071', 'นาย', 'ศิวกร', 'จิตพูลผล'),
('66209010072', 'นาย', 'สิริ', 'อุทัยแย้ม'),
('66209010073', 'นางสาว', 'สุดาวรรณ', 'วัชรวีรกุล'),
('66209010074', 'นางสาว', 'สุธาสินี', 'อาจสูงเนิน'),
('66209010075', 'นางสาว', 'อภิสรา', 'พันธมาศ'),
('66209010076', 'นาย', 'อัครวิชณ์', 'ปุ่นเจริญ'),
('66209010077', 'นาย', 'อัศม์กร', 'รักธรรม'),
('66301280001', 'นาย', 'โกมีน', 'เทียบเทียม'),
('66301280002', 'นางสาว ', 'งามลักษณ์', 'ศรีวิชัยแก้ว'),
('66301280003', 'นาย', 'จารุวัฒน์', 'ส่งศรี'),
('66301280004', 'นาย', 'จิรกิตต์', 'มนัสกูล'),
('66301280005', 'นางสาว', 'ดารากรณ์', 'แก้ววงค์'),
('66301280006', 'นาย', 'ธนกร', 'ขาวเป็นใย'),
('66301280007', 'นางสาว', 'ธนภรณ์', 'ใสยัง'),
('66301280008', 'นาย', 'ธีรภัทร', 'จันณรงค์'),
('66301280009', 'นาย', 'นันทิพัฒน์', 'แก้วประทุม'),
('66301280010', 'นาย', 'วงศกร', 'สวัสดีสุข'),
('66301280011', 'นาย', 'วิศรุต', 'โสสีทา'),
('66301280012', 'นาย', 'เวทิศ', 'ช่างประดิษฐ์'),
('66301280013', 'นางสาว', 'ศิริกัญญา', 'ขวัญเมือง'),
('66301280014', 'นาย', 'ศิลปชัย', 'ประสานพันธ์'),
('66301280015', 'นาย', 'ศิวกร', 'เกาะแก้ว'),
('66301280016', 'นาย', 'ศุภกฤต', 'ป้องพิมพ์'),
('66301280017', 'นาย', 'สงกรานต์', 'โรจน์พานิชกิจ'),
('66301280018', 'นาย', 'อชิตพล', 'เชื้อกุณะ'),
('66301280019', 'นาย', 'อธิพัชร์', 'ภูรีเรืองโรจน์'),
('66301280020', 'นาย', 'อัครชัย', 'มาฟู'),
('66301280021', 'นางสาว', 'กนิษฐา', 'วงษ์ไล'),
('66301280022', 'นาย', 'กฤษฎา', 'สีเปรม'),
('66301280023', 'นางสาว', 'กัญชพร', 'แก้วชุมภู'),
('66301280024', 'นาย', 'ชวกร', 'เจริญบำรุง'),
('66301280025', 'นางสาว', 'ณัฐพร', 'หนองใหญ่'),
('66301280026', 'นาย', 'ทวีศักดิ์', 'แนวสุข'),
('66301280027', 'นาย', 'ธนากร', 'อินนะปุสะ'),
('66301280028', 'นาย', 'นนทพัทธ์', 'เขียวชอุ่ม'),
('66301280029', 'นาย', 'บวรลักษณ์', 'สงเคราะห์กุล'),
('66301280030', 'นาย', 'ปชาบดี', 'กนกศรีขริน'),
('66301280031', 'นาย', 'ประภัคพล', 'ไชยฤทธิ์'),
('66301280032', 'นาย', 'พงศ์ภัค', 'พุมานนท์'),
('66301280033', 'นางสาว', 'พรนัชชา', 'พรมอาสา'),
('66301280034', 'นาย', 'พิพัฒน์', 'ธีรภัทรไพศาล'),
('66301280035', 'นางสาว', 'รัชนีวรรณ', 'อินทร์ราช'),
('66301280036', 'นาย', 'ฤกษ์ฤทธิ์', 'บุตรเทศ'),
('66301280037', 'นาย', 'วรสิทธิ์', 'เชื้อสาย'),
('66301280038', 'นางสาว', 'วรัญญา', 'ชูสิงห์'),
('66301280039', 'นาย', 'ศักดินันท์', 'เวฬุวรรณวรกุล'),
('66301280040', 'นาย', 'ศิวกร', 'บุรีวงศ์'),
('66301280042', 'นาย', 'อธิวัฒน์', 'แสงนคร'),
('66301280043', 'นางสาว', 'อรไพลิน', 'สงประเสริฐ'),
('66301280044', 'นาย', 'อันดา', 'เจริญชนม์'),
('66301280045', 'นาย', 'อัษฎาวุฒิ', 'คำมุงคุณ'),
('66309010001', 'นาย', 'กฤษณพงศ์', 'สืบตระกูลเกียรติ'),
('66309010002', 'นาย', 'การัณย์', 'สารนอก'),
('66309010003', 'นาย', 'กิตติคุณ', 'คงประเสริฐ'),
('66309010004', 'นางสาว', 'เขมิกา', 'ชาติประเสริฐ'),
('66309010005', 'นาย', 'คามิน', 'พรมนัส'),
('66309010006', 'นาย', 'จิตวัต', 'เวหนะรัตน์'),
('66309010007', 'นางสาว', 'ญาณีศา', 'ไชยสุวรรณ์'),
('66309010008', 'นาย', 'ณัฐนันท์', 'จันทสอน'),
('66309010009', 'นาย', 'ณัฐวุฒิ', 'ดาหนองคาย'),
('66309010010', 'นาย', 'ณัฐวุฒิ', 'อุดสี'),
('66309010011', 'นางสาว', 'ทิวาพร', 'เพลิงน้อย'),
('66309010012', 'นาย', 'ธนพล', 'โตชาวนา'),
('66309010013', 'นาย', 'นรวิชญ์', 'แสงรัตน์'),
('66309010014', 'นาย', 'รัชชานนท์', 'ปากดี'),
('66309010015', 'นาย', 'รัชชานนท์', 'พุมมา'),
('66309010016', 'นาย', 'ศิวัช', 'ทัศนศร'),
('66309010017', 'นาย', 'ศุภวิชญ์', 'หลักเมฆ'),
('66309010018', 'นาย', 'สุรสิทธิ์', 'สุวรรณชาติ'),
('66309010019', 'นาย', 'อดิภัทร', 'สมปอง'),
('66309010020', 'นาย', 'อธิธัช', 'โนรีวรรณ'),
('66309010021', 'นาย', 'อลงกรณ์', 'จันทร์เที่ยง'),
('66309010022', 'นาย', 'กฤษฎา', 'สุขสว่าง'),
('66309010024', 'นาย', 'คุณากร', 'บำรุงเขตต์'),
('66309010025', 'นาย', 'เจมศักดิ์', 'ศรีรักษ์'),
('66309010026', 'นาย', 'ฐนพล', 'ถนอมรอด'),
('66309010027', 'นางสาว', 'ณัฐวรรณ', 'คำกระจ่าง'),
('66309010028', 'นาย', 'เดชาวัต', 'ท่าหิน'),
('66309010029', 'นาย', 'ทัตดนัย', 'อเนกบุณย์'),
('66309010030', 'นาย', 'ธนธรณ์', 'แก่นแก้ว'),
('66309010031', 'นาย', 'ธรรมธร', 'บรรดาศักดิ์'),
('66309010032', 'นาย', 'นนทกร', 'เตชะบัญ'),
('66309010034', 'นาย', 'ปฤษฎี', 'สายด้วง'),
('66309010035', 'นางสาว', 'พลอยพรรณ', 'สุรวัฒนาวรรณ'),
('66309010037', 'นาย', 'พานเพชร', 'คูณทวี'),
('66309010038', 'นาย', 'พีรวิชญ์', 'แก้วนก'),
('66309010039', 'นาย', 'ภูฟ้า', 'เทศวิศาล'),
('66309010040', 'นาย', 'เมธา', 'ธีระมรรค'),
('66309010041', 'นาย', 'รณกฤต', 'สิงห์โนนเชือก'),
('66309010042', 'นาย', 'รุ่งโรจน์', 'คำปาน'),
('66309010043', 'นาย', 'วรเมธ', 'เกตุโต'),
('66309010044', 'นาย', 'วิชชากร', 'สาวุฒิ'),
('66309010045', 'นางสาว', 'ศุทธหทัย', 'กลิ่นหอม'),
('66309010046', 'นาย', 'เศรษฐพงศ์', 'นพแก้ว'),
('66309010047', 'นางสาว', 'สุพิชชา', 'บุญไทย'),
('66309010048', 'นาย', 'สุริยา', 'ล่ำสัน'),
('66309010049', 'นาย', 'เสฏฐวุฒิ', 'ยอดสำเภา'),
('66309010050', 'นาย', 'เสฏฐวุฒิ', 'โตวัน');

-- --------------------------------------------------------

--
-- Table structure for table `tbl_teacher`
--

CREATE TABLE `tbl_teacher` (
  `teacher_id` int(11) NOT NULL,
  `teacher_prefix` varchar(100) NOT NULL,
  `teacher_firstname` varchar(100) NOT NULL,
  `teacher_lastname` varchar(100) NOT NULL,
  `username` varchar(255) NOT NULL,
  `password` varchar(255) NOT NULL COMMENT 'password is username'
) ENGINE=InnoDB DEFAULT CHARSET=utf8 COLLATE=utf8_general_ci;

--
-- Dumping data for table `tbl_teacher`
--

INSERT INTO `tbl_teacher` (`teacher_id`, `teacher_prefix`, `teacher_firstname`, `teacher_lastname`, `username`, `password`) VALUES
(1, 'นาง', 'สายชล', 'สุขนิ่ม', 'Saichon@tatc.ac.th', '6853e14da23bd243268c7186a5726eb789b9681c'),
(2, 'นางสาว', 'ธัญญาเรศ', 'ช่วยโพกลาง', 'thanyalert@gmail.com', '27d4498286fd79c282d070247bdabd65b62d5423'),
(999, 'นาย', 'นิรนาม', 'ว่างเปล่า', 'blank@gmail.com', '7110eda4d09e062aa5e4a390b0a572ac0d2c0220');

--
-- Indexes for dumped tables
--

--
-- Indexes for table `tbl_checkin`
--
ALTER TABLE `tbl_checkin`
  ADD PRIMARY KEY (`no`);

--
-- Indexes for table `tbl_class`
--
ALTER TABLE `tbl_class`
  ADD PRIMARY KEY (`s_id`);

--
-- Indexes for table `tbl_enroll`
--
ALTER TABLE `tbl_enroll`
  ADD PRIMARY KEY (`no`);

--
-- Indexes for table `tbl_std`
--
ALTER TABLE `tbl_std`
  ADD PRIMARY KEY (`std_id`);

--
-- Indexes for table `tbl_teacher`
--
ALTER TABLE `tbl_teacher`
  ADD PRIMARY KEY (`teacher_id`);

--
-- AUTO_INCREMENT for dumped tables
--

--
-- AUTO_INCREMENT for table `tbl_checkin`
--
ALTER TABLE `tbl_checkin`
  MODIFY `no` int(11) NOT NULL AUTO_INCREMENT, AUTO_INCREMENT=31;

--
-- AUTO_INCREMENT for table `tbl_class`
--
ALTER TABLE `tbl_class`
  MODIFY `s_id` int(11) NOT NULL AUTO_INCREMENT, AUTO_INCREMENT=36;

--
-- AUTO_INCREMENT for table `tbl_enroll`
--
ALTER TABLE `tbl_enroll`
  MODIFY `no` int(11) NOT NULL AUTO_INCREMENT, AUTO_INCREMENT=625;

--
-- AUTO_INCREMENT for table `tbl_teacher`
--
ALTER TABLE `tbl_teacher`
  MODIFY `teacher_id` int(11) NOT NULL AUTO_INCREMENT, AUTO_INCREMENT=1000;
COMMIT;

/*!40101 SET CHARACTER_SET_CLIENT=@OLD_CHARACTER_SET_CLIENT */;
/*!40101 SET CHARACTER_SET_RESULTS=@OLD_CHARACTER_SET_RESULTS */;
/*!40101 SET COLLATION_CONNECTION=@OLD_COLLATION_CONNECTION */;
